,slice_file_name,fsID,start,end,salience,fold,classID,class
0,50901+94868-0+1-1+2-0+0.wav,50901+94868,9.021096+2.381256,13.021096+2.75053,1+1,1_combined,0+1,air_conditioner+car_horn
1,151977+143651-0+2-0+0-7+63.wav,151977+143651,3.966587+31.5,7.966587+35.5,1+2,1_combined,0+2,air_conditioner+children_playing
2,177621+51022-0+3-0+29-127+0.wav,177621+51022,63.5+44.136601,67.5+44.596982,2+1,1_combined,0+3,air_conditioner+dog_bark
3,59277+96158-0+4-0+0-4+0.wav,59277+96158,2.0+0.0,6.0+1.092817,1+1,1_combined,0+4,air_conditioner+drilling
4,134717+146186-0+5-0+0-6+9.wav,134717+146186,3.0+4.5,7.0+8.5,1+1,1_combined,0+5,air_conditioner+engine_idling
5,57320+197318-0+6-0+3-38+0.wav,57320+197318,19.0+6.801996,23.0+8.759765,2+1,1_combined,0+6,air_conditioner+gun_shot
6,57320+180937-0+7-0+3-33+22.wav,57320+180937,16.5+315.584561,20.5+319.584561,2+2,1_combined,0+7,air_conditioner+jackhammer
7,177621+118279-0+8-0+0-128+8.wav,177621+118279,64.0+4.0,68.0+8.0,2+2,1_combined,0+8,air_conditioner+siren
8,134717+194732-0+9-0+0-23+163.wav,134717+194732,11.5+75.735978,15.5+79.735978,1+1,1_combined,0+9,air_conditioner+street_music
9,57320+24074-0+1-0+0-9+4.wav,57320+24074,4.5+15.060993,8.5+19.060993,2+1,1_combined,0+1,air_conditioner+car_horn
10,177621+192124-0+2-0+0-117+15.wav,177621+192124,58.5+7.5,62.5+11.5,2+1,1_combined,0+2,air_conditioner+children_playing
11,59277+72261-0+3-0+0-3+23.wav,59277+72261,1.5+12.973879,5.5+16.973879,1+1,1_combined,0+3,air_conditioner+dog_bark
12,177621+46669-0+4-0+0-80+26.wav,177621+46669,40.0+13.0,44.0+17.0,2+1,1_combined,0+4,air_conditioner+drilling
13,127873+176787-0+5-0+0-0+23.wav,127873+176787,0.0+11.5,2.04075+15.5,1+1,1_combined,0+5,air_conditioner+engine_idling
14,177621+197318-0+6-0+7-147+0.wav,177621+197318,73.5+20.054592,77.5+21.886864,2+1,1_combined,0+6,air_conditioner+gun_shot
15,134717+180937-0+7-0+3-12+15.wav,134717+180937,6.0+312.084561,10.0+316.084561,1+2,1_combined,0+7,air_conditioner+jackhammer
16,177621+118279-0+8-0+0-46+3.wav,177621+118279,23.0+1.5,27.0+5.5,2+2,1_combined,0+8,air_conditioner+siren
17,134717+191431-0+9-0+0-16+73.wav,134717+191431,8.0+42.803963,12.0+46.803963,1+1,1_combined,0+9,air_conditioner+street_music
18,134717+24074-0+1-0+0-27+12.wav,134717+24074,13.5+19.060993,17.5+23.060993,1+1,1_combined,0+1,air_conditioner+car_horn
19,57320+97317-0+2-0+0-32+5.wav,57320+97317,16.0+2.5,20.0+6.5,2+1,1_combined,0+2,air_conditioner+children_playing
20,177621+118101-0+3-0+0-54+0.wav,177621+118101,27.0+1.042871,31.0+5.042871,2+1,1_combined,0+3,air_conditioner+dog_bark
21,134717+78360-0+4-0+0-19+15.wav,134717+78360,9.5+7.5,13.5+11.5,1+1,1_combined,0+4,air_conditioner+drilling
22,151977+17592-0+5-0+1-4+1.wav,151977+17592,2.466587+9.421326,6.466587+13.421326,1+1,1_combined,0+5,air_conditioner+engine_idling
23,177621+196400-0+6-0+0-145+0.wav,177621+196400,72.5+0.0,76.5+3.139605,2+1,1_combined,0+6,air_conditioner+gun_shot
24,134717+103074-0+7-0+3-28+2.wav,134717+103074,14.0+47.632637,18.0+51.632637,1+1,1_combined,0+7,air_conditioner+jackhammer
25,177621+157867-0+8-0+0-31+18.wav,177621+157867,15.5+9.0,19.5+13.0,2+1,1_combined,0+8,air_conditioner+siren
26,57320+21684-0+9-0+0-31+5.wav,57320+21684,15.5+2.5,19.5+6.5,2+1,1_combined,0+9,air_conditioner+street_music
27,134717+87275-0+1-0+1-21+0.wav,134717+87275,10.5+1.613718,14.5+1.668236,1+2,1_combined,0+1,air_conditioner+car_horn
28,134717+108362-0+2-0+0-1+11.wav,134717+108362,0.5+5.5,4.5+9.5,1+1,1_combined,0+2,air_conditioner+children_playing
29,134717+72579-0+3-0+0-4+0.wav,134717+72579,2.0+3.486718,6.0+7.486718,1+1,1_combined,0+3,air_conditioner+dog_bark
30,57320+71087-0+4-0+0-13+0.wav,57320+71087,6.5+0.273315,10.5+4.231567,2+1,1_combined,0+4,air_conditioner+drilling
31,59277+103258-0+5-0+0-7+18.wav,59277+103258,3.5+9.0,7.5+13.0,1+1,1_combined,0+5,air_conditioner+engine_idling
32,57320+197318-0+6-0+6-5+0.wav,57320+197318,2.5+16.641044,6.5+18.724312,2+1,1_combined,0+6,air_conditioner+gun_shot
33,151977+98223-0+7-0+8-13+0.wav,151977+98223,6.966587+49.772677,10.966587+51.751218,1+1,1_combined,0+7,air_conditioner+jackhammer
34,57320+157867-0+8-0+0-45+2.wav,57320+157867,22.5+1.0,26.5+5.0,2+1,1_combined,0+8,air_conditioner+siren
35,177621+132016-0+9-0+0-57+0.wav,177621+132016,28.5+46.661108,32.5+50.661108,2+2,1_combined,0+9,air_conditioner+street_music
36,57320+19026-0+1-0+0-27+0.wav,57320+19026,13.5+0.012822,17.5+1.050575,2+1,1_combined,0+1,air_conditioner+car_horn
37,57320+165067-0+2-0+0-42+9.wav,57320+165067,21.0+4.5,25.0+8.5,2+2,1_combined,0+2,air_conditioner+children_playing
38,151977+65749-0+3-0+1-8+14.wav,151977+65749,4.466587+82.445545,8.466587+86.445545,1+2,1_combined,0+3,air_conditioner+dog_bark
39,57320+57584-0+4-0+0-24+4.wav,57320+57584,12.0+2.0,16.0+6.0,2+2,1_combined,0+4,air_conditioner+drilling
40,134717+103258-0+5-0+0-14+0.wav,134717+103258,7.0+0.0,11.0+4.0,1+1,1_combined,0+5,air_conditioner+engine_idling
41,59277+174294-0+6-0+1-6+0.wav,59277+174294,3.0+4.167707,7.0+7.343939,1+1,1_combined,0+6,air_conditioner+gun_shot
42,151977+174276-0+7-0+5-3+0.wav,151977+174276,1.966587+27.052745,5.966587+29.925603,1+1,1_combined,0+7,air_conditioner+jackhammer
43,134717+118279-0+8-0+0-22+6.wav,134717+118279,11.0+3.0,15.0+7.0,1+2,1_combined,0+8,air_conditioner+siren
44,151977+26270-0+9-0+0-0+3.wav,151977+26270,0.466587+1.5,4.466587+5.5,1+1,1_combined,0+9,air_conditioner+street_music
45,59277+176638-0+1-0+1-1+0.wav,59277+176638,0.5+6.724352,4.5+7.520133,1+1,1_combined,0+1,air_conditioner+car_horn
46,57320+193698-0+2-0+0-36+140.wav,57320+193698,18.0+70.0,22.0+74.0,2+2,1_combined,0+2,air_conditioner+children_playing
47,151977+31840-0+3-0+1-10+0.wav,151977+31840,5.466587+4.95368,9.466587+5.98048,1+1,1_combined,0+3,air_conditioner+dog_bark
48,57320+78360-0+4-0+0-15+7.wav,57320+78360,7.5+3.5,11.5+7.5,2+1,1_combined,0+4,air_conditioner+drilling
49,151977+103258-0+5-0+0-11+13.wav,151977+103258,5.966587+6.5,9.966587+10.5,1+1,1_combined,0+5,air_conditioner+engine_idling
50,57320+46656-0+6-0+1-7+0.wav,57320+46656,3.5+3.32081,7.5+4.637877,2+1,1_combined,0+6,air_conditioner+gun_shot
51,134717+174276-0+7-0+2-20+0.wav,134717+174276,10.0+8.139764,14.0+12.139764,1+1,1_combined,0+7,air_conditioner+jackhammer
52,57320+40722-0+8-0+0-6+6.wav,57320+40722,3.0+3.0,7.0+7.0,2+2,1_combined,0+8,air_conditioner+siren
53,134717+194732-0+9-0+0-13+95.wav,134717+194732,6.5+41.735978,10.5+45.735978,1+1,1_combined,0+9,air_conditioner+street_music
54,177621+162703-0+1-0+0-27+0.wav,177621+162703,13.5+0.432845,17.5+1.592012,2+2,1_combined,0+1,air_conditioner+car_horn
55,151977+108362-0+2-0+0-5+21.wav,151977+108362,2.966587+10.5,6.966587+14.5,1+1,1_combined,0+2,air_conditioner+children_playing
56,57320+31323-0+3-0+0-11+20.wav,57320+31323,5.5+10.492016,9.5+14.492016,2+2,1_combined,0+3,air_conditioner+dog_bark
57,134717+78360-0+4-0+0-15+17.wav,134717+78360,7.5+8.5,11.5+12.5,1+1,1_combined,0+4,air_conditioner+drilling
58,177621+176787-0+5-0+0-100+4.wav,177621+176787,50.0+2.0,54.0+6.0,2+1,1_combined,0+5,air_conditioner+engine_idling
59,151977+197318-0+6-0+9-12+0.wav,151977+197318,6.466587+27.659775,10.466587+29.592446,1+1,1_combined,0+6,air_conditioner+gun_shot
60,134717+180937-0+7-0+4-26+0.wav,134717+180937,13.0+463.203523,17.0+467.203523,1+2,1_combined,0+7,air_conditioner+jackhammer
61,57320+157867-0+8-0+0-39+10.wav,57320+157867,19.5+5.0,23.5+9.0,2+1,1_combined,0+8,air_conditioner+siren
62,177621+191431-0+9-0+0-93+61.wav,177621+191431,46.5+36.803963,50.5+40.803963,2+1,1_combined,0+9,air_conditioner+street_music
63,59277+162540-0+1-0+2-2+0.wav,59277+162540,1.0+10.207327,5.0+10.672773,1+1,1_combined,0+1,air_conditioner+car_horn
64,177621+105415-0+2-0+0-120+4.wav,177621+105415,60.0+2.0,64.0+6.0,2+1,1_combined,0+2,air_conditioner+children_playing
65,134717+101415-0+3-0+0-25+3.wav,134717+101415,12.5+1.5,16.5+5.5,1+1,1_combined,0+3,air_conditioner+dog_bark
66,134717+46669-0+4-0+0-9+3.wav,134717+46669,4.5+1.5,8.5+5.5,1+1,1_combined,0+4,air_conditioner+drilling
67,177621+146186-0+5-0+0-109+3.wav,177621+146186,54.5+1.5,58.5+5.5,2+1,1_combined,0+5,air_conditioner+engine_idling
68,177621+46656-0+6-0+1-48+0.wav,177621+46656,24.0+3.32081,28.0+4.637877,2+1,1_combined,0+6,air_conditioner+gun_shot
69,134717+98223-0+7-0+5-7+0.wav,134717+98223,3.5+36.232035,7.5+38.457894,1+1,1_combined,0+7,air_conditioner+jackhammer
70,177621+118279-0+8-0+0-88+11.wav,177621+118279,44.0+5.5,48.0+9.5,2+2,1_combined,0+8,air_conditioner+siren
71,177621+69304-0+9-0+0-35+0.wav,177621+69304,17.5+0.0,21.5+4.0,2+2,1_combined,0+9,air_conditioner+street_music
72,151977+24074-0+1-0+0-9+11.wav,151977+24074,4.966587+18.560993,8.966587+22.560993,1+1,1_combined,0+1,air_conditioner+car_horn
73,151977+138031-0+2-0+0-1+2.wav,151977+138031,0.966587+1.0,4.966587+5.0,1+1,1_combined,0+2,air_conditioner+children_playing
74,151977+203356-0+3-0+0-6+2.wav,151977+203356,3.466587+38.465647,7.466587+42.465647,1+2,1_combined,0+3,air_conditioner+dog_bark
75,59277+55020-0+4-0+0-5+1.wav,59277+55020,2.5+0.851364,6.5+4.851364,1+1,1_combined,0+4,air_conditioner+drilling
76,57320+103258-0+5-0+0-0+11.wav,57320+103258,0.0+5.5,4.0+9.5,2+1,1_combined,0+5,air_conditioner+engine_idling
77,57320+197318-0+6-0+1-10+0.wav,57320+197318,5.0+2.409563,9.0+4.216735,2+1,1_combined,0+6,air_conditioner+gun_shot
78,177621+180937-0+7-0+4-91+11.wav,177621+180937,45.5+468.703523,49.5+472.703523,2+2,1_combined,0+7,air_conditioner+jackhammer
79,50901+157867-0+8-1+0-1+11.wav,50901+157867,9.521096+5.5,13.521096+9.5,1+1,1_combined,0+8,air_conditioner+siren
80,57320+161702-0+9-0+0-37+45.wav,57320+161702,18.5+22.5,22.5+26.5,2+1,1_combined,0+9,air_conditioner+street_music
81,151977+162540-0+1-0+0-2+0.wav,151977+162540,1.466587+1.25562,5.466587+1.618235,1+1,1_combined,0+1,air_conditioner+car_horn
82,134717+165067-0+2-0+0-24+111.wav,134717+165067,12.0+55.5,16.0+59.5,1+2,1_combined,0+2,air_conditioner+children_playing
83,177621+72579-0+3-0+0-2+3.wav,177621+72579,1.0+4.986718,5.0+8.986718,2+1,1_combined,0+3,air_conditioner+dog_bark
84,57320+147764-0+4-0+3-4+0.wav,57320+147764,2.0+6.431054,6.0+7.543807,2+1,1_combined,0+4,air_conditioner+drilling
85,177621+113205-0+5-0+1-126+3.wav,177621+113205,63.0+28.54,67.0+32.54,2+1,1_combined,0+5,air_conditioner+engine_idling
86,177621+197318-0+6-0+11-105+0.wav,177621+197318,52.5+33.909579,56.5+35.741851,2+1,1_combined,0+6,air_conditioner+gun_shot
87,59277+103074-0+7-0+4-0+4.wav,59277+103074,0.0+62.651482,4.0+66.651482,1+1,1_combined,0+7,air_conditioner+jackhammer
88,177621+157867-0+8-0+0-47+12.wav,177621+157867,23.5+6.0,27.5+10.0,2+1,1_combined,0+8,air_conditioner+siren
89,57320+26270-0+9-0+0-22+19.wav,57320+26270,11.0+9.5,15.0+13.5,2+1,1_combined,0+9,air_conditioner+street_music
90,134717+24074-0+1-0+0-0+2.wav,134717+24074,0.0+14.060993,4.0+18.060993,1+1,1_combined,0+1,air_conditioner+car_horn
91,134717+138031-0+2-0+0-2+28.wav,134717+138031,1.0+14.0,5.0+18.0,1+1,1_combined,0+2,air_conditioner+children_playing
92,50901+114587-0+3-0+0-0+5.wav,50901+114587,1.006702+3.967612,5.006702+7.967612,1+1,1_combined,0+3,air_conditioner+dog_bark
93,57320+22962-0+4-0+0-34+2.wav,57320+22962,17.0+1.0,21.0+5.0,2+1,1_combined,0+4,air_conditioner+drilling
94,177621+176787-0+5-0+0-0+8.wav,177621+176787,0.0+4.0,4.0+8.0,2+1,1_combined,0+5,air_conditioner+engine_idling
95,134717+197318-0+6-0+7-5+0.wav,134717+197318,2.5+20.054592,6.5+21.886864,1+1,1_combined,0+6,air_conditioner+gun_shot
96,134717+180937-0+7-0+1-18+7.wav,134717+180937,9.0+196.915715,13.0+200.915715,1+1,1_combined,0+7,air_conditioner+jackhammer
97,134717+157867-0+8-0+0-8+8.wav,134717+157867,4.0+4.0,8.0+8.0,1+1,1_combined,0+8,air_conditioner+siren
98,177621+124489-0+9-0+0-104+18.wav,177621+124489,52.0+9.0,56.0+13.0,2+1,1_combined,0+9,air_conditioner+street_music
99,94868+143651-1+2-2+0-0+55.wav,94868+143651,2.381256+27.5,2.75053+31.5,1+2,1_combined,1+2,car_horn+children_playing
100,179858+193394-1+3-0+0-0+10.wav,179858+193394,0.627537+5.0,0.973626+9.0,1+1,1_combined,1+3,car_horn+dog_bark
101,94868+78360-1+4-1+0-0+5.wav,94868+78360,1.076489+2.5,1.468143+6.5,1+1,1_combined,1+4,car_horn+drilling
102,162540+113205-1+5-0+1-0+9.wav,162540+113205,1.25562+31.54,1.618235+35.54,1+1,1_combined,1+5,car_horn+engine_idling
103,162703+197318-1+6-0+0-0+0.wav,162703+197318,0.432845+0.401594,1.592012+1.93267,2+1,1_combined,1+6,car_horn+gun_shot
104,24074+98223-1+7-0+0-11+0.wav,24074+98223,18.560993+2.040371,22.560993+4.575376,1+1,1_combined,1+7,car_horn+jackhammer
105,162540+157867-1+8-1+0-0+4.wav,162540+157867,5.888426+2.0,6.202331+6.0,1+1,1_combined,1+8,car_horn+siren
106,24074+139951-1+9-0+0-7+9.wav,24074+139951,16.560993+4.5,20.560993+8.5,1+1,1_combined,1+9,car_horn+street_music
107,94868+138031-1+2-0+0-0+7.wav,94868+138031,0.179042+3.5,0.530411+7.5,1+1,1_combined,1+2,car_horn+children_playing
108,87275+72579-1+3-5+0-0+4.wav,87275+72579,2.645917+5.486718,2.754952+9.486718,2+1,1_combined,1+3,car_horn+dog_bark
109,156194+46669-1+4-0+0-0+48.wav,156194+46669,0.0+24.0,0.252086+28.0,2+1,1_combined,1+4,car_horn+drilling
110,184355+113205-1+5-0+1-0+6.wav,184355+113205,4.08756+30.04,4.750408+34.04,2+1,1_combined,1+5,car_horn+engine_idling
111,24074+174290-1+6-0+0-5+0.wav,24074+174290,15.560993+0.273102,19.560993+2.366884,1+1,1_combined,1+6,car_horn+gun_shot
112,24074+180937-1+7-0+1-11+14.wav,24074+180937,18.560993+200.415715,22.560993+204.415715,1+1,1_combined,1+7,car_horn+jackhammer
113,175851+118279-1+8-0+0-0+12.wav,175851+118279,0.348692+6.0,1.791682+10.0,1+2,1_combined,1+8,car_horn+siren
114,24074+26270-1+9-0+0-0+30.wav,24074+26270,13.060993+15.0,17.060993+19.0,1+1,1_combined,1+9,car_horn+street_music
115,24074+143651-1+2-0+0-5+22.wav,24074+143651,15.560993+11.0,19.560993+15.0,1+2,1_combined,1+2,car_horn+children_playing
116,24074+118963-1+3-0+0-3+0.wav,24074+118963,14.560993+0.0,18.560993+0.519479,1+1,1_combined,1+3,car_horn+dog_bark
117,179867+57584-1+4-0+0-0+5.wav,179867+57584,0.025482+2.5,0.566271+6.5,1+2,1_combined,1+4,car_horn+drilling
118,24074+176787-1+5-0+0-6+2.wav,24074+176787,16.060993+1.0,20.060993+5.0,1+1,1_combined,1+5,car_horn+engine_idling
119,24074+46656-1+6-0+4-9+0.wav,24074+46656,17.560993+9.118156,21.560993+10.626591,1+1,1_combined,1+6,car_horn+gun_shot
120,24074+180937-1+7-0+3-8+21.wav,24074+180937,17.060993+315.084561,21.060993+319.084561,1+2,1_combined,1+7,car_horn+jackhammer
121,24074+159738-1+8-0+0-13+11.wav,24074+159738,19.560993+6.246987,23.560993+10.246987,1+2,1_combined,1+8,car_horn+siren
122,179867+137156-1+9-0+0-0+5.wav,179867+137156,0.025482+2.5,0.566271+6.5,1+1,1_combined,1+9,car_horn+street_music
123,176638+160009-1+2-0+0-0+11.wav,176638+160009,4.51208+5.5,5.061169+9.5,1+1,1_combined,1+2,car_horn+children_playing
124,24074+114587-1+3-0+0-4+2.wav,24074+114587,15.060993+2.467612,19.060993+6.467612,1+1,1_combined,1+3,car_horn+dog_bark
125,94868+147764-1+4-0+7-0+0.wav,94868+147764,0.179042+23.400529,0.530411+24.595101,1+1,1_combined,1+4,car_horn+drilling
126,24074+103258-1+5-0+0-13+7.wav,24074+103258,19.560993+3.5,23.560993+7.5,1+1,1_combined,1+5,car_horn+engine_idling
127,162540+174294-1+6-1+2-0+0.wav,162540+174294,5.888426+10.046368,6.202331+13.126084,1+1,1_combined,1+6,car_horn+gun_shot
128,162540+180937-1+7-2+3-0+30.wav,162540+180937,10.207327+319.584561,10.672773+323.584561,1+2,1_combined,1+7,car_horn+jackhammer
129,24074+157867-1+8-0+0-0+0.wav,24074+157867,13.060993+0.0,17.060993+4.0,1+1,1_combined,1+8,car_horn+siren
130,175845+99180-1+9-0+0-0+2.wav,175845+99180,1.667248+1.0,2.405537+5.0,1+1,1_combined,1+9,car_horn+street_music
131,179858+138031-1+2-0+0-0+45.wav,179858+138031,0.627537+22.5,0.973626+26.5,1+1,1_combined,1+2,car_horn+children_playing
132,24074+197073-1+3-0+0-6+0.wav,24074+197073,16.060993+0.0,20.060993+0.6576,1+1,1_combined,1+3,car_horn+dog_bark
133,24074+78360-1+4-0+0-5+2.wav,24074+78360,15.560993+1.0,19.560993+5.0,1+1,1_combined,1+4,car_horn+drilling
134,87275+46918-1+5-1+0-0+0.wav,87275+46918,1.613718+6.000195,1.668236+10.000195,2+2,1_combined,1+5,car_horn+engine_idling
135,24074+197318-1+6-0+0-9+0.wav,24074+197318,17.560993+0.401594,21.560993+1.93267,1+1,1_combined,1+6,car_horn+gun_shot
136,87275+180937-1+7-3+4-0+9.wav,87275+180937,2.202508+467.703523,2.264294+471.703523,2+2,1_combined,1+7,car_horn+jackhammer
137,87275+40722-1+8-2+0-0+5.wav,87275+40722,1.817251+2.5,1.871768+6.5,2+2,1_combined,1+8,car_horn+siren
138,24074+77766-1+9-0+0-1+5.wav,24074+77766,13.560993+2.5,17.560993+6.5,1+1,1_combined,1+9,car_horn+street_music
139,24074+97317-1+2-0+0-2+36.wav,24074+97317,14.060993+18.0,18.060993+22.0,1+1,1_combined,1+2,car_horn+children_playing
140,87275+102842-1+3-2+1-0+5.wav,87275+102842,1.817251+115.561785,1.871768+119.561785,2+2,1_combined,1+3,car_horn+dog_bark
141,184355+17913-1+4-0+1-0+0.wav,184355+17913,4.08756+8.462876,4.750408+9.512387,2+2,1_combined,1+4,car_horn+drilling
142,87275+113205-1+5-0+1-0+7.wav,87275+113205,1.337496+30.54,1.482876+34.54,2+1,1_combined,1+5,car_horn+engine_idling
143,156194+46656-1+6-0+0-0+0.wav,156194+46656,0.0+0.247654,0.252086+1.666033,2+1,1_combined,1+6,car_horn+gun_shot
144,162540+98223-1+7-1+4-0+0.wav,162540+98223,5.888426+31.965806,6.202331+33.573371,1+1,1_combined,1+7,car_horn+jackhammer
145,24074+40722-1+8-0+0-10+7.wav,24074+40722,18.060993+3.5,22.060993+7.5,1+2,1_combined,1+8,car_horn+siren
146,24074+191431-1+9-0+0-0+8.wav,24074+191431,13.060993+10.303963,17.060993+14.303963,1+1,1_combined,1+9,car_horn+street_music
147,184355+182800-1+2-0+0-0+0.wav,184355+182800,4.08756+1.405558,4.750408+5.405558,2+1,1_combined,1+2,car_horn+children_playing
148,24074+118101-1+3-0+0-10+4.wav,24074+118101,18.060993+3.042871,22.060993+7.042871,1+1,1_combined,1+3,car_horn+dog_bark
149,24074+46669-1+4-0+0-8+35.wav,24074+46669,17.060993+17.5,21.060993+21.5,1+1,1_combined,1+4,car_horn+drilling
150,162703+176787-1+5-0+0-0+6.wav,162703+176787,0.432845+3.0,1.592012+7.0,2+1,1_combined,1+5,car_horn+engine_idling
151,94868+197318-1+6-1+1-0+0.wav,94868+197318,1.076489+2.409563,1.468143+4.216735,1+1,1_combined,1+6,car_horn+gun_shot
152,19026+180937-1+7-0+4-0+14.wav,19026+180937,0.012822+470.203523,1.050575+474.203523,1+2,1_combined,1+7,car_horn+jackhammer
153,24074+159738-1+8-0+0-6+1.wav,24074+159738,16.060993+1.246987,20.060993+5.246987,1+2,1_combined,1+8,car_horn+siren
154,176638+155202-1+9-0+0-0+124.wav,176638+155202,4.51208+62.0,5.061169+66.0,1+1,1_combined,1+9,car_horn+street_music
155,24074+165067-1+2-0+0-3+56.wav,24074+165067,14.560993+28.0,18.560993+32.0,1+2,1_combined,1+2,car_horn+children_playing
156,162540+9031-1+3-0+4-0+0.wav,162540+9031,1.25562+12.423771,1.618235+13.317866,1+1,1_combined,1+3,car_horn+dog_bark
157,24074+55020-1+4-0+0-10+7.wav,24074+55020,18.060993+3.851364,22.060993+7.851364,1+1,1_combined,1+4,car_horn+drilling
158,176638+146186-1+5-0+0-0+4.wav,176638+146186,4.51208+2.0,5.061169+6.0,1+1,1_combined,1+5,car_horn+engine_idling
159,87275+197318-1+6-0+9-0+0.wav,87275+197318,1.337496+27.659775,1.482876+29.592446,2+1,1_combined,1+6,car_horn+gun_shot
160,175845+180937-1+7-0+3-0+8.wav,175845+180937,1.667248+308.584561,2.405537+312.584561,1+2,1_combined,1+7,car_horn+jackhammer
161,175845+164053-1+8-0+2-0+2.wav,175845+164053,1.667248+22.660377,2.405537+26.660377,1+2,1_combined,1+8,car_horn+siren
162,176638+73277-1+9-1+0-0+28.wav,176638+73277,6.724352+14.0,7.520133+18.0,1+1,1_combined,1+9,car_horn+street_music
163,175851+105415-1+2-0+0-0+6.wav,175851+105415,0.348692+3.0,1.791682+7.0,1+1,1_combined,1+2,car_horn+children_playing
164,24074+9031-1+3-0+2-7+0.wav,24074+9031,16.560993+6.7577,20.560993+9.055317,1+1,1_combined,1+3,car_horn+dog_bark
165,24074+46669-1+4-0+0-8+32.wav,24074+46669,17.060993+16.0,21.060993+20.0,1+1,1_combined,1+4,car_horn+drilling
166,179867+176787-1+5-0+0-0+0.wav,179867+176787,0.025482+0.0,0.566271+4.0,1+1,1_combined,1+5,car_horn+engine_idling
167,24074+197318-1+6-0+4-4+0.wav,24074+197318,15.060993+10.843033,19.060993+12.800803,1+1,1_combined,1+6,car_horn+gun_shot
168,162540+180937-1+7-2+1-0+9.wav,162540+180937,10.207327+197.915715,10.672773+201.915715,1+1,1_combined,1+7,car_horn+jackhammer
169,24074+157867-1+8-0+0-9+22.wav,24074+157867,17.560993+11.0,21.560993+15.0,1+1,1_combined,1+8,car_horn+siren
170,87275+99180-1+9-3+0-0+48.wav,87275+99180,2.202508+24.0,2.264294+28.0,2+1,1_combined,1+9,car_horn+street_music
171,24074+143651-1+2-0+0-1+20.wav,24074+143651,13.560993+10.0,17.560993+14.0,1+2,1_combined,1+2,car_horn+children_playing
172,87275+176258-1+3-5+1-0+13.wav,87275+176258,2.645917+76.397629,2.754952+80.397629,2+1,1_combined,1+3,car_horn+dog_bark
173,24074+57584-1+4-0+0-3+3.wav,24074+57584,14.560993+1.5,18.560993+5.5,1+2,1_combined,1+4,car_horn+drilling
174,175851+103258-1+5-0+0-0+6.wav,175851+103258,0.348692+3.0,1.791682+7.0,1+1,1_combined,1+5,car_horn+engine_idling
175,179858+174294-1+6-0+2-0+0.wav,179858+174294,0.627537+10.046368,0.973626+13.126084,1+1,1_combined,1+6,car_horn+gun_shot
176,24074+180937-1+7-0+1-1+4.wav,24074+180937,13.560993+195.415715,17.560993+199.415715,1+1,1_combined,1+7,car_horn+jackhammer
177,24074+159738-1+8-0+0-7+19.wav,24074+159738,16.560993+10.246987,20.560993+14.246987,1+2,1_combined,1+8,car_horn+siren
178,87275+124489-1+9-0+0-0+12.wav,87275+124489,1.337496+6.0,1.482876+10.0,2+1,1_combined,1+9,car_horn+street_music
179,156194+193698-1+2-0+0-0+58.wav,156194+193698,0.0+29.0,0.252086+33.0,2+2,1_combined,1+2,car_horn+children_playing
180,24074+102842-1+3-0+1-12+0.wav,24074+102842,19.060993+113.061785,23.060993+117.061785,1+2,1_combined,1+3,car_horn+dog_bark
181,19026+57584-1+4-0+0-0+6.wav,19026+57584,0.012822+3.0,1.050575+7.0,1+2,1_combined,1+4,car_horn+drilling
182,24074+103258-1+5-0+0-13+10.wav,24074+103258,19.560993+5.0,23.560993+9.0,1+1,1_combined,1+5,car_horn+engine_idling
183,24074+102305-1+6-0+0-12+0.wav,24074+102305,19.060993+0.0,23.060993+2.61161,1+1,1_combined,1+6,car_horn+gun_shot
184,176638+103074-1+7-1+2-0+0.wav,176638+103074,6.724352+42.347083,7.520133+43.727176,1+1,1_combined,1+7,car_horn+jackhammer
185,24074+118279-1+8-0+0-2+12.wav,24074+118279,14.060993+6.0,18.060993+10.0,1+2,1_combined,1+8,car_horn+siren
186,87275+73277-1+9-4+0-0+17.wav,87275+73277,2.409674+8.5,2.47873+12.5,2+1,1_combined,1+9,car_horn+street_music
187,15564+54858-2+3-0+0-2+0.wav,15564+54858,1.0+28.04638,5.0+32.04638,1+2,1_combined,2+3,children_playing+dog_bark
188,135776+78360-2+4-0+0-85+8.wav,135776+78360,42.5+4.0,46.5+8.0,2+1,1_combined,2+4,children_playing+drilling
189,108362+176787-2+5-0+0-12+7.wav,108362+176787,6.0+3.5,10.0+7.5,1+1,1_combined,2+5,children_playing+engine_idling
190,97317+76093-2+6-0+0-25+0.wav,97317+76093,12.5+3.2671,16.5+4.13887,1+1,1_combined,2+6,children_playing+gun_shot
191,192124+180937-2+7-0+4-12+8.wav,192124+180937,6.0+467.203523,10.0+471.203523,1+2,1_combined,2+7,children_playing+jackhammer
192,193698+164053-2+8-0+2-89+3.wav,193698+164053,44.5+23.160377,48.5+27.160377,2+2,1_combined,2+8,children_playing+siren
193,105415+73277-2+9-0+0-8+16.wav,105415+73277,4.0+8.0,8.0+12.0,1+1,1_combined,2+9,children_playing+street_music
194,193698+155310-2+3-0+0-64+0.wav,193698+155310,32.0+0.0,36.0+2.774785,2+1,1_combined,2+3,children_playing+dog_bark
195,97317+46669-2+4-0+0-28+63.wav,97317+46669,14.0+31.5,18.0+35.5,1+1,1_combined,2+4,children_playing+drilling
196,97317+143604-2+5-0+0-22+0.wav,97317+143604,11.0+3.311464,15.0+5.678107,1+1,1_combined,2+5,children_playing+engine_idling
197,193698+46656-2+6-0+3-113+0.wav,193698+46656,56.5+7.519664,60.5+8.938044,2+1,1_combined,2+6,children_playing+gun_shot
198,176714+103074-2+7-0+1-40+1.wav,176714+103074,20.0+23.017317,24.0+27.017317,1+1,1_combined,2+7,children_playing+jackhammer
199,160009+40722-2+8-0+0-22+0.wav,160009+40722,11.0+0.0,15.0+4.0,1+2,1_combined,2+8,children_playing+siren
200,176714+108041-2+9-0+0-23+7.wav,176714+108041,11.5+3.5,15.5+7.5,1+1,1_combined,2+9,children_playing+street_music
201,138031+125791-2+3-0+0-13+15.wav,138031+125791,6.5+7.5,10.5+11.5,1+1,1_combined,2+3,children_playing+dog_bark
202,135776+22962-2+4-0+0-40+0.wav,135776+22962,20.0+0.0,24.0+4.0,2+1,1_combined,2+4,children_playing+drilling
203,15564+44736-2+5-0+0-0+1.wav,15564+44736,0.0+0.5,4.0+4.5,1+1,1_combined,2+5,children_playing+engine_idling
204,135776+197318-2+6-0+3-37+0.wav,135776+197318,18.5+6.801996,22.5+8.759765,2+1,1_combined,2+6,children_playing+gun_shot
205,192124+180937-2+7-0+1-0+8.wav,192124+180937,0.0+197.415715,4.0+201.415715,1+1,1_combined,2+7,children_playing+jackhammer
206,182800+159738-2+8-3+0-0+5.wav,182800+159738,55.974271+3.246987,59.974271+7.246987,1+2,1_combined,2+8,children_playing+siren
207,160009+99180-2+9-0+0-30+36.wav,160009+99180,15.0+18.0,19.0+22.0,1+1,1_combined,2+9,children_playing+street_music
208,160009+176258-2+3-0+1-1+2.wav,160009+176258,0.5+70.897629,4.5+74.897629,1+1,1_combined,2+3,children_playing+dog_bark
209,108362+78360-2+4-0+0-29+12.wav,108362+78360,14.5+6.0,18.5+10.0,1+1,1_combined,2+4,children_playing+drilling
210,135776+176787-2+5-0+0-90+9.wav,135776+176787,45.0+4.5,49.0+8.5,2+1,1_combined,2+5,children_playing+engine_idling
211,165067+197318-2+6-0+7-72+0.wav,165067+197318,36.0+20.054592,40.0+21.886864,2+1,1_combined,2+6,children_playing+gun_shot
212,97317+180937-2+7-0+3-34+27.wav,97317+180937,17.0+318.084561,21.0+322.084561,1+2,1_combined,2+7,children_playing+jackhammer
213,108362+157867-2+8-0+0-23+3.wav,108362+157867,11.5+1.5,15.5+5.5,1+1,1_combined,2+8,children_playing+siren
214,182800+73277-2+9-2+0-0+19.wav,182800+73277,25.672099+9.5,29.672099+13.5,1+1,1_combined,2+9,children_playing+street_music
215,193698+164312-2+3-0+3-114+0.wav,193698+164312,57.0+22.380838,61.0+24.058202,2+1,1_combined,2+3,children_playing+dog_bark
216,143651+55020-2+4-0+0-0+10.wav,143651+55020,0.0+5.351364,4.0+9.351364,2+1,1_combined,2+4,children_playing+drilling
217,143651+176787-2+5-0+0-59+21.wav,143651+176787,29.5+10.5,33.5+14.5,2+1,1_combined,2+5,children_playing+engine_idling
218,176714+102305-2+6-0+0-18+0.wav,176714+102305,9.0+0.0,13.0+2.61161,1+1,1_combined,2+6,children_playing+gun_shot
219,135776+180937-2+7-0+3-32+12.wav,135776+180937,16.0+310.584561,20.0+314.584561,2+2,1_combined,2+7,children_playing+jackhammer
220,160009+157867-2+8-0+0-5+7.wav,160009+157867,2.5+3.5,6.5+7.5,1+1,1_combined,2+8,children_playing+siren
221,135776+108041-2+9-0+0-49+9.wav,135776+108041,24.5+4.5,28.5+8.5,2+1,1_combined,2+9,children_playing+street_music
222,193698+114587-2+3-0+0-42+7.wav,193698+114587,21.0+4.967612,25.0+8.967612,2+1,1_combined,2+3,children_playing+dog_bark
223,108362+147764-2+4-0+4-9+2.wav,108362+147764,4.5+8.641991,8.5+12.641991,1+1,1_combined,2+4,children_playing+drilling
224,160009+176787-2+5-0+0-47+26.wav,160009+176787,23.5+13.0,27.5+17.0,1+1,1_combined,2+5,children_playing+engine_idling
225,135776+76093-2+6-0+1-65+0.wav,135776+76093,32.5+4.586976,36.5+5.222472,2+1,1_combined,2+6,children_playing+gun_shot
226,176714+180937-2+7-0+2-26+7.wav,176714+180937,13.0+255.663479,17.0+259.663479,1+1,1_combined,2+7,children_playing+jackhammer
227,160009+40722-2+8-0+0-31+3.wav,160009+40722,15.5+1.5,19.5+5.5,1+2,1_combined,2+8,children_playing+siren
228,143651+191431-2+9-0+0-39+30.wav,143651+191431,19.5+21.303963,23.5+25.303963,2+1,1_combined,2+9,children_playing+street_music
229,138031+164312-2+3-0+1-22+0.wav,138031+164312,11.0+6.182287,15.0+8.171162,1+1,1_combined,2+3,children_playing+dog_bark
230,165067+17913-2+4-0+0-35+2.wav,165067+17913,17.5+1.0,21.5+5.0,2+1,1_combined,2+4,children_playing+drilling
231,108362+119455-2+5-0+0-7+2.wav,108362+119455,3.5+1.446601,7.5+5.446601,1+1,1_combined,2+5,children_playing+engine_idling
232,143651+102305-2+6-0+0-16+0.wav,143651+102305,8.0+0.0,12.0+2.61161,2+1,1_combined,2+6,children_playing+gun_shot
233,97317+180937-2+7-0+1-23+0.wav,97317+180937,11.5+193.415715,15.5+197.415715,1+1,1_combined,2+7,children_playing+jackhammer
234,108362+157867-2+8-0+0-30+16.wav,108362+157867,15.0+8.0,19.0+12.0,1+1,1_combined,2+8,children_playing+siren
235,192124+26270-2+9-0+0-11+32.wav,192124+26270,5.5+16.0,9.5+20.0,1+1,1_combined,2+9,children_playing+street_music
236,15564+65749-2+3-0+1-1+9.wav,15564+65749,0.5+79.945545,4.5+83.945545,1+2,1_combined,2+3,children_playing+dog_bark
237,165067+78360-2+4-0+0-112+23.wav,165067+78360,56.0+11.5,60.0+15.5,2+1,1_combined,2+4,children_playing+drilling
238,196079+113205-2+5-0+1-0+2.wav,196079+113205,0.0+28.04,2.391542+32.04,1+1,1_combined,2+5,children_playing+engine_idling
239,176714+197318-2+6-0+4-77+0.wav,176714+197318,38.5+10.843033,42.5+12.800803,1+1,1_combined,2+6,children_playing+gun_shot
240,105415+98223-2+7-0+9-24+0.wav,105415+98223,12.0+69.805406,16.0+71.289312,1+1,1_combined,2+7,children_playing+jackhammer
241,176714+164053-2+8-0+2-51+1.wav,176714+164053,25.5+22.160377,29.5+26.160377,1+2,1_combined,2+8,children_playing+siren
242,105415+132016-2+9-0+0-19+11.wav,105415+132016,9.5+52.161108,13.5+56.161108,1+2,1_combined,2+9,children_playing+street_music
243,182800+72261-2+3-2+0-1+6.wav,182800+72261,26.172099+4.473879,30.172099+8.473879,1+1,1_combined,2+3,children_playing+dog_bark
244,192124+22962-2+4-0+0-7+1.wav,192124+22962,3.5+0.5,7.5+4.5,1+1,1_combined,2+4,children_playing+drilling
245,192124+103258-2+5-0+0-3+1.wav,192124+103258,1.5+0.5,5.5+4.5,1+1,1_combined,2+5,children_playing+engine_idling
246,182800+46656-2+6-3+3-1+0.wav,182800+46656,56.474271+7.519664,60.474271+8.938044,1+1,1_combined,2+6,children_playing+gun_shot
247,165067+180937-2+7-0+2-91+6.wav,165067+180937,45.5+255.163479,49.5+259.163479,2+1,1_combined,2+7,children_playing+jackhammer
248,192124+106905-2+8-0+0-4+0.wav,192124+106905,2.0+43.636489,6.0+47.636489,1+2,1_combined,2+8,children_playing+siren
249,196065+124489-2+9-0+0-0+16.wav,196065+124489,0.0+8.0,2.712381+12.0,1+1,1_combined,2+9,children_playing+street_music
250,138031+180256-2+3-0+0-23+3.wav,138031+180256,11.5+1.5,15.5+5.5,1+1,1_combined,2+3,children_playing+dog_bark
251,105415+55020-2+4-0+0-1+13.wav,105415+55020,0.5+6.851364,4.5+10.851364,1+1,1_combined,2+4,children_playing+drilling
252,182800+103258-2+5-1+0-0+2.wav,182800+103258,21.083366+1.0,23.687782+5.0,1+1,1_combined,2+5,children_playing+engine_idling
253,105415+197318-2+6-0+4-21+0.wav,105415+197318,10.5+10.843033,14.5+12.800803,1+1,1_combined,2+6,children_playing+gun_shot
254,192124+180937-2+7-0+2-5+3.wav,192124+180937,2.5+253.663479,6.5+257.663479,1+1,1_combined,2+7,children_playing+jackhammer
255,193698+118279-2+8-0+0-112+2.wav,193698+118279,56.0+1.0,60.0+5.0,2+2,1_combined,2+8,children_playing+siren
256,196087+161702-2+9-0+0-0+8.wav,196087+161702,0.0+4.0,4.0+8.0,1+1,1_combined,2+9,children_playing+street_music
257,176714+150341-2+3-0+1-55+0.wav,176714+150341,27.5+15.377819,31.5+15.823344,1+1,1_combined,2+3,children_playing+dog_bark
258,160009+78360-2+4-0+0-50+9.wav,160009+78360,25.0+4.5,29.0+8.5,1+1,1_combined,2+4,children_playing+drilling
259,135776+176787-2+5-0+0-50+12.wav,135776+176787,25.0+6.0,29.0+10.0,2+1,1_combined,2+5,children_playing+engine_idling
260,182800+196400-2+6-2+0-3+0.wav,182800+196400,27.172099+0.0,31.172099+3.139605,1+1,1_combined,2+6,children_playing+gun_shot
261,105415+180937-2+7-0+3-15+20.wav,105415+180937,7.5+314.584561,11.5+318.584561,1+2,1_combined,2+7,children_playing+jackhammer
262,176714+157867-2+8-0+0-33+9.wav,176714+157867,16.5+4.5,20.5+8.5,1+1,1_combined,2+8,children_playing+siren
263,182800+69304-2+9-2+0-2+6.wav,182800+69304,26.672099+3.0,30.672099+7.0,1+2,1_combined,2+9,children_playing+street_music
264,118101+57584-3+4-0+0-6+7.wav,118101+57584,4.042871+3.5,8.042871+7.5,1+2,1_combined,3+4,dog_bark+drilling
265,166268+176787-3+5-0+0-0+25.wav,166268+176787,0.0+12.5,0.239205+16.5,1+1,1_combined,3+5,dog_bark+engine_idling
266,197073+174294-3+6-4+1-3+0.wav,197073+174294,11.209271+4.167707,15.209271+7.343939,1+1,1_combined,3+6,dog_bark+gun_shot
267,125791+180937-3+7-0+3-13+4.wav,125791+180937,6.5+306.584561,10.5+310.584561,1+2,1_combined,3+7,dog_bark+jackhammer
268,51022+30823-3+8-13+0-0+0.wav,51022+30823,19.916516+7.167619,21.377728+11.167619,2+2,1_combined,3+8,dog_bark+siren
269,150341+191431-3+9-0+0-0+66.wav,150341+191431,12.834011+39.303963,13.322652+43.303963,1+1,1_combined,3+9,dog_bark+street_music
270,57553+78360-3+4-1+0-0+4.wav,57553+78360,9.679885+2.0,11.932555+6.0,2+1,1_combined,3+4,dog_bark+drilling
271,203440+103258-3+5-0+0-5+11.wav,203440+103258,26.009202+5.5,30.009202+9.5,2+1,1_combined,3+5,dog_bark+engine_idling
272,43786+197318-3+6-1+2-0+0.wav,43786+197318,2.926828+4.417532,3.314202+6.350202,1+1,1_combined,3+6,dog_bark+gun_shot
273,43786+180937-3+7-0+4-0+4.wav,43786+180937,0.536063+465.203523,1.142558+469.203523,1+2,1_combined,3+7,dog_bark+jackhammer
274,164312+118279-3+8-0+0-0+0.wav,164312+118279,0.0+0.0,3.450579+4.0,1+2,1_combined,3+8,dog_bark+siren
275,203440+161702-3+9-0+0-1+37.wav,203440+161702,24.009202+18.5,28.009202+22.5,2+1,1_combined,3+9,dog_bark+street_music
276,51022+14113-3+4-7+0-0+0.wav,51022+14113,14.201777+0.0,15.292682+4.0,2+1,1_combined,3+4,dog_bark+drilling
277,164312+176787-3+5-4+0-0+15.wav,164312+176787,25.711605+7.5,27.412932+11.5,1+1,1_combined,3+5,dog_bark+engine_idling
278,125791+174290-3+6-0+3-9+0.wav,125791+174290,4.5+14.959918,8.5+17.372318,1+1,1_combined,3+6,dog_bark+gun_shot
279,65749+103074-3+7-1+0-12+0.wav,65749+103074,81.445545+3.341279,85.445545+7.341279,2+1,1_combined,3+7,dog_bark+jackhammer
280,65749+157867-3+8-1+0-24+24.wav,65749+157867,87.445545+12.0,91.445545+16.0,2+1,1_combined,3+8,dog_bark+siren
281,31840+77766-3+9-0+0-0+7.wav,31840+77766,0.020035+3.5,3.546214+7.5,1+1,1_combined,3+9,dog_bark+street_music
282,203356+46669-3+4-0+0-3+8.wav,203356+46669,38.965647+4.0,42.965647+8.0,2+1,1_combined,3+4,dog_bark+drilling
283,203356+119455-3+5-0+0-0+7.wav,203356+119455,37.465647+3.946601,41.465647+7.946601,2+1,1_combined,3+5,dog_bark+engine_idling
284,180256+76093-3+6-0+1-1+0.wav,180256+76093,0.5+4.586976,4.5+5.222472,1+1,1_combined,3+6,dog_bark+gun_shot
285,193394+180937-3+7-0+1-4+6.wav,193394+180937,2.0+196.415715,6.0+200.415715,1+1,1_combined,3+7,dog_bark+jackhammer
286,176258+157867-3+8-1+0-12+28.wav,176258+157867,75.897629+14.0,79.897629+18.0,1+1,1_combined,3+8,dog_bark+siren
287,166268+132016-3+9-1+0-0+6.wav,166268+132016,0.940874+49.661108,2.382484+53.661108,1+2,1_combined,3+9,dog_bark+street_music
288,101415+78360-3+4-0+0-8+22.wav,101415+78360,4.0+11.0,8.0+15.0,1+1,1_combined,3+4,dog_bark+drilling
289,203440+119455-3+5-0+0-6+5.wav,203440+119455,26.509202+2.946601,30.509202+6.946601,2+1,1_combined,3+5,dog_bark+engine_idling
290,118101+197318-3+6-0+6-3+0.wav,118101+197318,2.542871+16.641044,6.542871+18.724312,1+1,1_combined,3+6,dog_bark+gun_shot
291,86279+180937-3+7-0+3-0+17.wav,86279+180937,0.601813+313.084561,4.083229+317.084561,1+2,1_combined,3+7,dog_bark+jackhammer
292,160094+106905-3+8-0+0-0+2.wav,160094+106905,0.120695+44.636489,0.313453+48.636489,1+2,1_combined,3+8,dog_bark+siren
293,57553+21684-3+9-0+0-0+12.wav,57553+21684,0.0+6.0,1.715423+10.0,2+1,1_combined,3+9,dog_bark+street_music
294,203356+46669-3+4-0+0-1+30.wav,203356+46669,37.965647+15.0,41.965647+19.0,2+1,1_combined,3+4,dog_bark+drilling
295,7383+176787-3+5-1+0-0+17.wav,7383+176787,11.060839+8.5,15.060839+12.5,1+1,1_combined,3+5,dog_bark+engine_idling
296,31323+174294-3+6-0+0-22+0.wav,31323+174294,11.492016+0.0,15.492016+2.535721,2+1,1_combined,3+6,dog_bark+gun_shot
297,54858+103074-3+7-2+3-0+3.wav,54858+103074,66.854743+48.132637,67.739928+52.132637,1+1,1_combined,3+7,dog_bark+jackhammer
298,180256+106905-3+8-0+0-2+0.wav,180256+106905,1.0+43.636489,5.0+47.636489,1+2,1_combined,3+8,dog_bark+siren
299,197073+139951-3+9-7+0-0+13.wav,197073+139951,29.031106+6.5,33.031106+10.5,1+1,1_combined,3+9,dog_bark+street_music
300,138015+78360-3+4-0+0-7+18.wav,138015+78360,3.5+9.0,7.5+13.0,1+1,1_combined,3+4,dog_bark+drilling
301,31323+103258-3+5-0+0-1+1.wav,31323+103258,0.992016+0.5,4.992016+4.5,2+1,1_combined,3+5,dog_bark+engine_idling
302,7383+197318-3+6-0+12-1+0.wav,7383+197318,4.4021+37.549023,8.4021+38.879303,1+1,1_combined,3+6,dog_bark+gun_shot
303,114587+180937-3+7-0+3-4+23.wav,114587+180937,3.467612+316.084561,7.467612+320.084561,1+2,1_combined,3+7,dog_bark+jackhammer
304,203440+118279-3+8-0+0-0+14.wav,203440+118279,23.509202+7.0,27.509202+11.0,2+2,1_combined,3+8,dog_bark+siren
305,102106+155202-3+9-0+0-0+38.wav,102106+155202,2.243852+19.0,3.884477+23.0,2+1,1_combined,3+9,dog_bark+street_music
306,193394+46669-3+4-0+0-7+61.wav,193394+46669,3.5+30.5,7.5+34.5,1+1,1_combined,3+4,dog_bark+drilling
307,51022+119455-3+5-30+0-4+0.wav,51022+119455,46.647024+0.446601,50.647024+4.446601,2+1,1_combined,3+5,dog_bark+engine_idling
308,89212+122690-3+6-0+0-0+0.wav,89212+122690,0.0+12.231953,1.324626+15.37784,1+1,1_combined,3+6,dog_bark+gun_shot
309,180256+180937-3+7-0+1-0+5.wav,180256+180937,0.0+195.915715,4.0+199.915715,1+1,1_combined,3+7,dog_bark+jackhammer
310,102842+157867-3+8-0+0-1+6.wav,102842+157867,0.5+3.0,4.5+7.0,2+1,1_combined,3+8,dog_bark+siren
311,166268+73277-3+9-2+0-0+0.wav,166268+73277,3.495586+0.0,3.706087+4.0,1+1,1_combined,3+9,dog_bark+street_music
312,31323+46669-3+4-0+0-2+9.wav,31323+46669,1.492016+4.5,5.492016+8.5,2+1,1_combined,3+4,dog_bark+drilling
313,72261+176787-3+5-0+0-17+3.wav,72261+176787,9.973879+1.5,13.973879+5.5,1+1,1_combined,3+5,dog_bark+engine_idling
314,197073+197318-3+6-3+8-0+0.wav,197073+197318,6.653365+22.388856,7.610753+24.07053,1+1,1_combined,3+6,dog_bark+gun_shot
315,138015+180937-3+7-0+1-5+15.wav,138015+180937,2.5+200.915715,6.5+204.915715,1+1,1_combined,3+7,dog_bark+jackhammer
316,102842+106905-3+8-1+0-6+3.wav,102842+106905,116.061785+45.136489,120.061785+49.136489,2+2,1_combined,3+8,dog_bark+siren
317,193394+21684-3+9-0+0-11+25.wav,193394+21684,5.5+12.5,9.5+16.5,1+1,1_combined,3+9,dog_bark+street_music
318,125791+78360-3+4-0+0-12+20.wav,125791+78360,6.0+10.0,10.0+14.0,1+1,1_combined,3+4,dog_bark+drilling
319,9031+176787-3+5-3+0-0+5.wav,9031+176787,9.855845+2.5,11.581657+6.5,1+1,1_combined,3+5,dog_bark+engine_idling
320,54858+46656-3+6-1+5-2+0.wav,54858+46656,37.898228+10.761675,41.898228+12.112513,1+1,1_combined,3+6,dog_bark+gun_shot
321,72261+103074-3+7-0+1-27+5.wav,72261+103074,14.973879+25.017317,18.973879+29.017317,1+1,1_combined,3+7,dog_bark+jackhammer
322,101415+118279-3+8-0+0-2+13.wav,101415+118279,1.0+6.5,5.0+10.5,1+2,1_combined,3+8,dog_bark+siren
323,130030+172314-3+9-0+0-0+72.wav,130030+172314,0.0+36.0,2.594667+40.0,1+2,1_combined,3+9,dog_bark+street_music
324,138015+17913-3+4-0+0-1+1.wav,138015+17913,0.5+0.5,4.5+4.5,1+1,1_combined,3+4,dog_bark+drilling
325,176257+113205-3+5-0+1-0+0.wav,176257+113205,45.814379+27.04,49.814379+31.04,1+1,1_combined,3+5,dog_bark+engine_idling
326,7383+46656-3+6-0+0-0+0.wav,7383+46656,3.9021+0.247654,7.9021+1.666033,1+1,1_combined,3+6,dog_bark+gun_shot
327,57553+103074-3+7-2+1-0+6.wav,57553+103074,13.063603+25.517317,14.279479+29.517317,2+1,1_combined,3+7,dog_bark+jackhammer
328,9031+157867-3+8-1+0-0+17.wav,9031+157867,5.55171+8.5,5.967569+12.5,1+1,1_combined,3+8,dog_bark+siren
329,72579+77766-3+9-0+0-2+4.wav,72579+77766,4.486718+2.0,8.486718+6.0,1+1,1_combined,3+9,dog_bark+street_music
330,55020+176787-4+5-0+0-2+1.wav,55020+176787,1.351364+0.5,5.351364+4.5,1+1,1_combined,4+5,drilling+engine_idling
331,165645+174290-4+6-4+1-0+0.wav,165645+174290,4.295866+5.355833,5.169073+7.889612,1+1,1_combined,4+6,drilling+gun_shot
332,165645+174276-4+7-3+1-0+0.wav,165645+174276,2.888599+4.651294,3.765705+7.113743,1+1,1_combined,4+7,drilling+jackhammer
333,55020+157867-4+8-0+0-11+13.wav,55020+157867,5.851364+6.5,9.851364+10.5,1+1,1_combined,4+8,drilling+siren
334,57584+77766-4+9-0+0-2+6.wav,57584+77766,1.0+3.0,5.0+7.0,2+1,1_combined,4+9,drilling+street_music
335,46669+119455-4+5-0+0-24+1.wav,46669+119455,12.0+0.946601,16.0+4.946601,1+1,1_combined,4+5,drilling+engine_idling
336,55020+197318-4+6-0+5-14+0.wav,55020+197318,7.351364+13.70439,11.351364+15.411163,1+1,1_combined,4+6,drilling+gun_shot
337,46669+103074-4+7-0+0-10+1.wav,46669+103074,5.0+3.841279,9.0+7.841279,1+1,1_combined,4+7,drilling+jackhammer
338,55020+118279-4+8-0+0-5+1.wav,55020+118279,2.851364+0.5,6.851364+4.5,1+2,1_combined,4+8,drilling+siren
339,46669+132016-4+9-0+0-37+14.wav,46669+132016,18.5+53.661108,22.5+57.661108,1+2,1_combined,4+9,drilling+street_music
340,46669+176787-4+5-0+0-2+11.wav,46669+176787,1.0+5.5,5.0+9.5,1+1,1_combined,4+5,drilling+engine_idling
341,57584+197318-4+6-0+1-0+0.wav,57584+197318,0.0+2.409563,4.0+4.216735,2+1,1_combined,4+6,drilling+gun_shot
342,78360+180937-4+7-0+4-19+7.wav,78360+180937,9.5+466.703523,13.5+470.703523,1+2,1_combined,4+7,drilling+jackhammer
343,55020+159738-4+8-0+0-6+0.wav,55020+159738,3.351364+0.746987,7.351364+4.746987,1+2,1_combined,4+8,drilling+siren
344,147764+137156-4+9-0+0-0+79.wav,147764+137156,0.441828+39.5,2.143685+43.5,1+1,1_combined,4+9,drilling+street_music
345,46669+176787-4+5-0+0-31+13.wav,46669+176787,15.5+6.5,19.5+10.5,1+1,1_combined,4+5,drilling+engine_idling
346,46669+46656-4+6-0+4-4+0.wav,46669+46656,2.0+9.118156,6.0+10.626591,1+1,1_combined,4+6,drilling+gun_shot
347,147764+180937-4+7-6+3-0+29.wav,147764+180937,17.460394+319.084561,21.460394+323.084561,1+2,1_combined,4+7,drilling+jackhammer
348,17913+118279-4+8-2+0-0+2.wav,17913+118279,9.512387+1.0,11.458753+5.0,1+2,1_combined,4+8,drilling+siren
349,46669+108041-4+9-0+0-0+6.wav,46669+108041,0.0+3.0,4.0+7.0,1+1,1_combined,4+9,drilling+street_music
350,147764+89948-4+5-1+0-0+0.wav,147764+89948,2.143685+6.675761,5.220118+10.675761,1+1,1_combined,4+5,drilling+engine_idling
351,55020+174294-4+6-0+0-12+0.wav,55020+174294,6.351364+0.0,10.351364+2.535721,1+1,1_combined,4+6,drilling+gun_shot
352,165645+180937-4+7-5+3-0+18.wav,165645+180937,5.402967+313.584561,6.416511+317.584561,1+2,1_combined,4+7,drilling+jackhammer
353,57584+159738-4+8-0+0-1+14.wav,57584+159738,0.5+7.746987,4.5+11.746987,2+2,1_combined,4+8,drilling+siren
354,165645+99180-4+9-2+0-0+49.wav,165645+99180,1.882852+24.5,2.822329+28.5,1+1,1_combined,4+9,drilling+street_music
355,78360+146186-4+5-0+0-3+2.wav,78360+146186,1.5+1.0,5.5+5.0,1+1,1_combined,4+5,drilling+engine_idling
356,78360+46656-4+6-0+2-1+0.wav,78360+46656,0.5+5.549692,4.5+7.046871,1+1,1_combined,4+6,drilling+gun_shot
357,78360+180937-4+7-0+3-14+24.wav,78360+180937,7.0+316.584561,11.0+320.584561,1+2,1_combined,4+7,drilling+jackhammer
358,55020+118279-4+8-0+0-8+5.wav,55020+118279,4.351364+2.5,8.351364+6.5,1+2,1_combined,4+8,drilling+siren
359,147764+194732-4+9-4+0-1+175.wav,147764+194732,8.141991+81.735978,12.141991+85.735978,1+1,1_combined,4+9,drilling+street_music
360,78360+176787-4+5-0+0-11+24.wav,78360+176787,5.5+12.0,9.5+16.0,1+1,1_combined,4+5,drilling+engine_idling
361,46669+86278-4+6-0+0-54+0.wav,46669+86278,27.0+0.242924,31.0+1.384127,1+1,1_combined,4+6,drilling+gun_shot
362,78360+98223-4+7-0+1-16+0.wav,78360+98223,8.0+10.263682,12.0+14.263682,1+1,1_combined,4+7,drilling+jackhammer
363,147764+118279-4+8-8+0-0+9.wav,147764+118279,24.676921+4.5,25.364209+8.5,1+2,1_combined,4+8,drilling+siren
364,17913+69304-4+9-0+0-0+14.wav,17913+69304,0.0+7.0,4.0+11.0,1+2,1_combined,4+9,drilling+street_music
365,78360+17592-4+5-0+0-21+0.wav,78360+17592,10.5+2.005174,14.5+6.005174,1+1,1_combined,4+5,drilling+engine_idling
366,165645+174294-4+6-1+2-0+0.wav,165645+174294,0.8888+10.046368,1.765905+13.126084,1+1,1_combined,4+6,drilling+gun_shot
367,55020+180937-4+7-0+3-3+0.wav,55020+180937,1.851364+304.584561,5.851364+308.584561,1+2,1_combined,4+7,drilling+jackhammer
368,55020+118279-4+8-0+0-0+10.wav,55020+118279,0.351364+5.0,4.351364+9.0,1+2,1_combined,4+8,drilling+siren
369,78360+124489-4+9-0+0-0+6.wav,78360+124489,0.0+3.0,4.0+7.0,1+1,1_combined,4+9,drilling+street_music
370,46669+176787-4+5-0+0-36+29.wav,46669+176787,18.0+14.5,22.0+18.5,1+1,1_combined,4+5,drilling+engine_idling
371,147764+174290-4+6-5+0-0+0.wav,147764+174290,16.29855+0.273102,17.329482+2.366884,1+1,1_combined,4+6,drilling+gun_shot
372,147764+180937-4+7-4+3-0+11.wav,147764+180937,7.641991+310.084561,11.641991+314.084561,1+2,1_combined,4+7,drilling+jackhammer
373,46669+159738-4+8-0+0-45+13.wav,46669+159738,22.5+7.246987,26.5+11.246987,1+2,1_combined,4+8,drilling+siren
374,57584+155202-4+9-0+0-8+135.wav,57584+155202,4.0+67.5,8.0+71.5,2+1,1_combined,4+9,drilling+street_music
375,147764+146186-4+5-2+0-0+13.wav,147764+146186,5.449214+6.5,6.103774+10.5,1+1,1_combined,4+5,drilling+engine_idling
376,78360+174290-4+6-0+2-6+0.wav,78360+174290,3.0+9.968221,7.0+12.289587,1+1,1_combined,4+6,drilling+gun_shot
377,14113+98223-4+7-0+7-1+0.wav,14113+98223,0.5+45.939253,4.5+48.165112,1+1,1_combined,4+7,drilling+jackhammer
378,55020+159738-4+8-0+0-9+16.wav,55020+159738,4.851364+8.746987,8.851364+12.746987,1+2,1_combined,4+8,drilling+siren
379,165645+99180-4+9-0+0-0+0.wav,165645+99180,0.0+0.0,0.693888+4.0,1+1,1_combined,4+9,drilling+street_music
380,71087+113205-4+5-1+1-0+1.wav,71087+113205,4.427711+27.54,5.23158+31.54,1+1,1_combined,4+5,drilling+engine_idling
381,46669+122690-4+6-0+0-49+0.wav,46669+122690,24.5+12.231953,28.5+15.37784,1+1,1_combined,4+6,drilling+gun_shot
382,165642+103074-4+7-0+4-0+6.wav,165642+103074,0.0+63.651482,4.0+67.651482,1+1,1_combined,4+7,drilling+jackhammer
383,46669+159738-4+8-0+0-39+17.wav,46669+159738,19.5+9.246987,23.5+13.246987,1+2,1_combined,4+8,drilling+siren
384,46669+155202-4+9-0+0-33+126.wav,46669+155202,16.5+63.0,20.5+67.0,1+1,1_combined,4+9,drilling+street_music
385,146186+174290-5+6-0+2-8+0.wav,146186+174290,4.0+9.968221,8.0+12.289587,1+1,1_combined,5+6,engine_idling+gun_shot
386,176787+98223-5+7-0+6-10+0.wav,176787+98223,5.0+41.178388,9.0+42.785953,1+1,1_combined,5+7,engine_idling+jackhammer
387,113205+157867-5+8-1+0-5+21.wav,113205+157867,29.54+10.5,33.54+14.5,1+1,1_combined,5+8,engine_idling+siren
388,46918+137156-5+9-0+0-2+30.wav,46918+137156,7.000195+15.0,11.000195+19.0,2+1,1_combined,5+9,engine_idling+street_music
389,17592+46656-5+6-1+4-2+0.wav,17592+46656,9.921326+9.118156,13.921326+10.626591,1+1,1_combined,5+6,engine_idling+gun_shot
390,176787+180937-5+7-0+0-27+4.wav,176787+180937,13.5+173.272327,17.5+177.272327,1+1,1_combined,5+7,engine_idling+jackhammer
391,146186+159738-5+8-0+0-12+8.wav,146186+159738,6.0+4.746987,10.0+8.746987,1+2,1_combined,5+8,engine_idling+siren
392,146186+172314-5+9-0+0-5+40.wav,146186+172314,2.5+20.0,6.5+24.0,1+2,1_combined,5+9,engine_idling+street_music
393,119455+197318-5+6-0+5-6+0.wav,119455+197318,3.446601+13.70439,7.446601+15.411163,1+1,1_combined,5+6,engine_idling+gun_shot
394,113205+180937-5+7-1+1-4+3.wav,113205+180937,29.04+194.915715,33.04+198.915715,1+1,1_combined,5+7,engine_idling+jackhammer
395,146186+118279-5+8-0+0-1+14.wav,146186+118279,0.5+7.0,4.5+11.0,1+2,1_combined,5+8,engine_idling+siren
396,176787+77766-5+9-0+0-20+3.wav,176787+77766,10.0+1.5,14.0+5.5,1+1,1_combined,5+9,engine_idling+street_music
397,103258+77246-5+6-0+0-17+0.wav,103258+77246,8.5+2.329836,12.5+3.657301,1+1,1_combined,5+6,engine_idling+gun_shot
398,103258+180937-5+7-0+3-5+14.wav,103258+180937,2.5+311.584561,6.5+315.584561,1+2,1_combined,5+7,engine_idling+jackhammer
399,113205+118279-5+8-0+0-0+0.wav,113205+118279,2.12+0.0,5.36+4.0,1+2,1_combined,5+8,engine_idling+siren
400,176787+191431-5+9-0+0-14+26.wav,176787+191431,7.0+19.303963,11.0+23.303963,1+1,1_combined,5+9,engine_idling+street_music
401,146186+197318-5+6-0+2-7+0.wav,146186+197318,3.5+4.417532,7.5+6.350202,1+1,1_combined,5+6,engine_idling+gun_shot
402,176787+180937-5+7-0+3-18+31.wav,176787+180937,9.0+320.084561,13.0+324.084561,1+2,1_combined,5+7,engine_idling+jackhammer
403,176787+159738-5+8-0+0-16+9.wav,176787+159738,8.0+5.246987,12.0+9.246987,1+2,1_combined,5+8,engine_idling+siren
404,146186+69304-5+9-0+0-0+12.wav,146186+69304,0.0+6.0,4.0+10.0,1+2,1_combined,5+9,engine_idling+street_music
405,103258+174294-5+6-0+1-14+0.wav,103258+174294,7.0+4.167707,11.0+7.343939,1+1,1_combined,5+6,engine_idling+gun_shot
406,103258+180937-5+7-0+0-3+6.wav,103258+180937,1.5+174.272327,5.5+178.272327,1+1,1_combined,5+7,engine_idling+jackhammer
407,103258+157867-5+8-0+0-16+23.wav,103258+157867,8.0+11.5,12.0+15.5,1+1,1_combined,5+8,engine_idling+siren
408,103258+21684-5+9-0+0-4+39.wav,103258+21684,2.0+19.5,6.0+23.5,1+1,1_combined,5+9,engine_idling+street_music
409,146186+197318-5+6-0+3-6+0.wav,146186+197318,3.0+6.801996,7.0+8.759765,1+1,1_combined,5+6,engine_idling+gun_shot
410,176787+180937-5+7-0+2-19+5.wav,176787+180937,9.5+254.663479,13.5+258.663479,1+1,1_combined,5+7,engine_idling+jackhammer
411,103258+164053-5+8-0+3-19+0.wav,103258+164053,9.5+49.276156,13.5+53.276156,1+2,1_combined,5+8,engine_idling+siren
412,119455+172314-5+9-0+0-4+52.wav,119455+172314,2.446601+26.0,6.446601+30.0,1+2,1_combined,5+9,engine_idling+street_music
413,17592+197318-5+6-1+12-0+0.wav,17592+197318,8.921326+37.549023,12.921326+38.879303,1+1,1_combined,5+6,engine_idling+gun_shot
414,176787+180937-5+7-0+3-30+32.wav,176787+180937,15.0+320.584561,19.0+324.584561,1+2,1_combined,5+7,engine_idling+jackhammer
415,176787+157867-5+8-0+0-22+19.wav,176787+157867,11.0+9.5,15.0+13.5,1+1,1_combined,5+8,engine_idling+siren
416,103258+139951-5+9-0+0-8+29.wav,103258+139951,4.0+14.5,8.0+18.5,1+1,1_combined,5+9,engine_idling+street_music
417,146186+197318-5+6-0+11-10+0.wav,146186+197318,5.0+33.909579,9.0+35.741851,1+1,1_combined,5+6,engine_idling+gun_shot
418,17592+103074-5+7-1+3-3+1.wav,17592+103074,10.421326+47.132637,14.421326+51.132637,1+1,1_combined,5+7,engine_idling+jackhammer
419,103258+40722-5+8-0+0-15+2.wav,103258+40722,7.5+1.0,11.5+5.0,1+2,1_combined,5+8,engine_idling+siren
420,103258+194732-5+9-0+0-10+126.wav,103258+194732,5.0+57.235978,9.0+61.235978,1+1,1_combined,5+9,engine_idling+street_music
421,119455+46656-5+6-0+1-3+0.wav,119455+46656,1.946601+3.32081,5.946601+4.637877,1+1,1_combined,5+6,engine_idling+gun_shot
422,103258+180937-5+7-0+3-9+9.wav,103258+180937,4.5+309.084561,8.5+313.084561,1+2,1_combined,5+7,engine_idling+jackhammer
423,44736+118279-5+8-0+0-0+1.wav,44736+118279,0.0+0.5,4.0+4.5,1+2,1_combined,5+8,engine_idling+siren
424,146186+73277-5+9-0+0-11+24.wav,146186+73277,5.5+12.0,9.5+16.0,1+1,1_combined,5+9,engine_idling+street_music
425,103258+197318-5+6-0+10-12+0.wav,103258+197318,6.0+31.24902,10.0+32.5291,1+1,1_combined,5+6,engine_idling+gun_shot
426,46918+180937-5+7-0+1-1+13.wav,46918+180937,6.500195+199.915715,10.500195+203.915715,2+1,1_combined,5+7,engine_idling+jackhammer
427,176787+164053-5+8-0+0-28+0.wav,176787+164053,14.0+0.0,18.0+4.0,1+2,1_combined,5+8,engine_idling+siren
428,103258+132016-5+9-0+0-0+20.wav,103258+132016,0.0+56.661108,4.0+60.661108,1+2,1_combined,5+9,engine_idling+street_music
429,197318+180937-6+7-5+4-0+3.wav,197318+180937,13.70439+464.703523,15.411163+468.703523,1+2,1_combined,6+7,gun_shot+jackhammer
430,46656+157867-6+8-5+0-0+20.wav,46656+157867,10.761675+10.0,12.112513+14.0,1+1,1_combined,6+8,gun_shot+siren
431,174290+172314-6+9-0+0-0+80.wav,174290+172314,0.273102+40.0,2.366884+44.0,1+2,1_combined,6+9,gun_shot+street_music
432,197318+180937-6+7-11+0-0+1.wav,197318+180937,33.909579+171.772327,35.741851+175.772327,1+1,1_combined,6+7,gun_shot+jackhammer
433,197318+118279-6+8-10+0-0+4.wav,197318+118279,31.24902+2.0,32.5291+6.0,1+2,1_combined,6+8,gun_shot+siren
434,46656+194732-6+9-3+0-0+41.wav,46656+194732,7.519664+14.735978,8.938044+18.735978,1+1,1_combined,6+9,gun_shot+street_music
435,46654+180937-6+7-0+2-0+1.wav,46654+180937,0.084334+252.663479,1.222838+256.663479,1+1,1_combined,6+7,gun_shot+jackhammer
436,46654+164053-6+8-0+1-0+0.wav,46654+164053,0.084334+13.783876,1.222838+17.783876,1+2,1_combined,6+8,gun_shot+siren
437,197318+172314-6+9-8+0-0+22.wav,197318+172314,22.388856+11.0,24.07053+15.0,1+2,1_combined,6+9,gun_shot+street_music
438,197318+174276-6+7-8+3-0+0.wav,197318+174276,22.388856+14.603694,24.07053+18.603694,1+1,1_combined,6+7,gun_shot+jackhammer
439,7061+106905-6+8-0+0-0+2.wav,7061+106905,0.978088+44.636489,3.231723+48.636489,1+2,1_combined,6+8,gun_shot+siren
440,76093+137156-6+9-0+0-0+73.wav,76093+137156,3.2671+36.5,4.13887+40.5,1+1,1_combined,6+9,gun_shot+street_music
441,174290+180937-6+7-3+4-0+12.wav,174290+180937,14.959918+469.203523,17.372318+473.203523,1+2,1_combined,6+7,gun_shot+jackhammer
442,46654+40722-6+8-0+0-0+8.wav,46654+40722,0.084334+4.0,1.222838+8.0,1+2,1_combined,6+8,gun_shot+siren
443,174290+137156-6+9-1+0-0+28.wav,174290+137156,5.355833+14.0,7.889612+18.0,1+1,1_combined,6+9,gun_shot+street_music
444,197318+180937-6+7-2+3-0+13.wav,197318+180937,4.417532+311.084561,6.350202+315.084561,1+2,1_combined,6+7,gun_shot+jackhammer
445,197318+159738-6+8-10+0-0+15.wav,197318+159738,31.24902+8.246987,32.5291+12.246987,1+2,1_combined,6+8,gun_shot+siren
446,197318+83199-6+9-6+0-0+0.wav,197318+83199,16.641044+13.08659,18.724312+17.08659,1+2,1_combined,6+9,gun_shot+street_music
447,7061+103074-6+7-0+4-0+2.wav,7061+103074,0.978088+61.651482,3.231723+65.651482,1+1,1_combined,6+7,gun_shot+jackhammer
448,77246+43806-6+8-0+0-0+0.wav,77246+43806,2.329836+0.0,3.657301+4.0,1+1,1_combined,6+8,gun_shot+siren
449,86278+161702-6+9-0+0-0+30.wav,86278+161702,0.242924+15.0,1.384127+19.0,1+1,1_combined,6+9,gun_shot+street_music
450,174290+180937-6+7-3+3-0+2.wav,174290+180937,14.959918+305.584561,17.372318+309.584561,1+2,1_combined,6+7,gun_shot+jackhammer
451,197318+118279-6+8-0+0-0+3.wav,197318+118279,0.401594+1.5,1.93267+5.5,1+2,1_combined,6+8,gun_shot+siren
452,46656+155202-6+9-0+0-0+42.wav,46656+155202,0.247654+21.0,1.666033+25.0,1+1,1_combined,6+9,gun_shot+street_music
453,46656+103074-6+7-2+1-0+2.wav,46656+103074,5.549692+23.517317,7.046871+27.517317,1+1,1_combined,6+7,gun_shot+jackhammer
454,122690+118279-6+8-0+0-0+13.wav,122690+118279,12.231953+6.5,15.37784+10.5,1+2,1_combined,6+8,gun_shot+siren
455,174294+69304-6+9-0+0-0+15.wav,174294+69304,0.0+7.5,2.535721+11.5,1+2,1_combined,6+9,gun_shot+street_music
456,46656+180937-6+7-2+3-0+19.wav,46656+180937,5.549692+314.084561,7.046871+318.084561,1+2,1_combined,6+7,gun_shot+jackhammer
457,197318+157867-6+8-9+0-0+5.wav,197318+157867,27.659775+2.5,29.592446+6.5,1+1,1_combined,6+8,gun_shot+siren
458,174290+21684-6+9-1+0-0+30.wav,174290+21684,5.355833+15.0,7.889612+19.0,1+1,1_combined,6+9,gun_shot+street_music
459,174290+98223-6+7-2+3-0+0.wav,174290+98223,9.968221+26.895794,12.289587+29.739947,1+1,1_combined,6+7,gun_shot+jackhammer
460,46656+159738-6+8-5+0-0+4.wav,46656+159738,10.761675+2.746987,12.112513+6.746987,1+2,1_combined,6+8,gun_shot+siren
461,197318+26270-6+9-12+0-0+35.wav,197318+26270,37.549023+17.5,38.879303+21.5,1+1,1_combined,6+9,gun_shot+street_music
462,98223+159738-7+8-2+0-0+2.wav,98223+159738,19.167118+1.746987,22.629565+5.746987,1+2,1_combined,7+8,jackhammer+siren
463,180937+139951-7+9-3+0-5+17.wav,180937+139951,307.084561+8.5,311.084561+12.5,2+1,1_combined,7+9,jackhammer+street_music
464,180937+159738-7+8-4+0-6+6.wav,180937+159738,466.203523+3.746987,470.203523+7.746987,2+2,1_combined,7+8,jackhammer+siren
465,180937+161702-7+9-4+0-5+26.wav,180937+161702,465.703523+13.0,469.703523+17.0,2+1,1_combined,7+9,jackhammer+street_music
466,180937+157867-7+8-3+0-33+25.wav,180937+157867,321.084561+12.5,325.084561+16.5,2+1,1_combined,7+8,jackhammer+siren
467,180937+99180-7+9-0+0-5+7.wav,180937+99180,173.772327+3.5,177.772327+7.5,1+1,1_combined,7+9,jackhammer+street_music
468,180937+157867-7+8-2+0-0+26.wav,180937+157867,252.163479+13.0,256.163479+17.0,1+1,1_combined,7+8,jackhammer+siren
469,180937+139951-7+9-2+0-10+45.wav,180937+139951,257.163479+22.5,261.163479+26.5,1+1,1_combined,7+9,jackhammer+street_music
470,180937+157867-7+8-3+0-7+27.wav,180937+157867,308.084561+13.5,312.084561+17.5,2+1,1_combined,7+8,jackhammer+siren
471,180937+161702-7+9-2+0-4+6.wav,180937+161702,254.163479+3.0,258.163479+7.0,1+1,1_combined,7+9,jackhammer+street_music
472,180937+159738-7+8-3+0-26+3.wav,180937+159738,317.584561+2.246987,321.584561+6.246987,2+2,1_combined,7+8,jackhammer+siren
473,174276+108041-7+9-0+0-0+4.wav,174276+108041,0.273606+2.0,2.633453+6.0,1+1,1_combined,7+9,jackhammer+street_music
474,180937+40722-7+8-1+0-11+1.wav,180937+40722,198.915715+0.5,202.915715+4.5,1+2,1_combined,7+8,jackhammer+siren
475,103074+172314-7+9-4+0-0+51.wav,103074+172314,60.651482+25.5,64.651482+29.5,1+2,1_combined,7+9,jackhammer+street_music
476,103074+159738-7+8-4+0-1+7.wav,103074+159738,61.151482+4.246987,65.151482+8.246987,1+2,1_combined,7+8,jackhammer+siren
477,180937+139951-7+9-0+0-2+33.wav,180937+139951,172.272327+16.5,176.272327+20.5,1+1,1_combined,7+9,jackhammer+street_music
478,180937+118279-7+8-3+0-28+4.wav,180937+118279,318.584561+2.0,322.584561+6.0,2+2,1_combined,7+8,jackhammer+siren
479,174276+21684-7+9-4+0-0+50.wav,174276+21684,20.007403+25.0,24.007403+29.0,1+1,1_combined,7+9,jackhammer+street_music
480,180937+159738-7+8-1+0-2+10.wav,180937+159738,194.415715+5.746987,198.415715+9.746987,1+2,1_combined,7+8,jackhammer+siren
481,180937+124489-7+9-1+0-12+14.wav,180937+124489,199.415715+7.0,203.415715+11.0,1+1,1_combined,7+9,jackhammer+street_music
482,180937+106905-7+8-4+0-2+1.wav,180937+106905,464.203523+44.136489,468.203523+48.136489,2+2,1_combined,7+8,jackhammer+siren
483,103074+69304-7+9-3+0-0+7.wav,103074+69304,46.632637+3.5,50.632637+7.5,1+2,1_combined,7+9,jackhammer+street_music
484,118279+124489-8+9-0+0-10+17.wav,118279+124489,5.0+8.5,9.0+12.5,2+1,1_combined,8+9,siren+street_music
485,157867+132016-8+9-0+0-1+16.wav,157867+132016,0.5+54.661108,4.5+58.661108,1+2,1_combined,8+9,siren+street_music
486,118279+155202-8+9-0+0-11+6.wav,118279+155202,5.5+3.0,9.5+7.0,2+1,1_combined,8+9,siren+street_music
487,159738+108041-8+9-0+0-12+5.wav,159738+108041,6.746987+2.5,10.746987+6.5,2+1,1_combined,8+9,siren+street_music
488,157867+77766-8+9-0+0-15+0.wav,157867+77766,7.5+0.0,11.5+4.0,1+1,1_combined,8+9,siren+street_music
489,106905+21684-8+9-0+0-1+7.wav,106905+21684,44.136489+3.5,48.136489+7.5,2+1,1_combined,8+9,siren+street_music
490,118279+137156-8+9-0+0-7+31.wav,118279+137156,3.5+15.5,7.5+19.5,2+1,1_combined,8+9,siren+street_music
491,40722+194732-8+9-0+0-4+171.wav,40722+194732,2.0+79.735978,6.0+83.735978,2+1,1_combined,8+9,siren+street_music
492,157867+108041-8+9-0+0-14+2.wav,157867+108041,7.0+1.0,11.0+5.0,1+1,1_combined,8+9,siren+street_music
493,106905+26270-8+9-0+0-3+23.wav,106905+26270,45.136489+11.5,49.136489+15.5,2+1,1_combined,8+9,siren+street_music
494,164053+108041-8+9-2+0-0+11.wav,164053+108041,21.660377+5.5,25.660377+9.5,2+1,1_combined,8+9,siren+street_music
